Program Identity,,,,Geography & Availability,,,,Income & Household,,,,,,Housing Situation,,,,,Special Eligibility,,,,,,Financial Underwriting,,,,,,Benefit & Operations,,,,,,Governance & Verification,,,,Contact,,,,,Research Summary,,,,Source & Quality,,,,,,Forms,,
Program ID,Program Name,Category,Administrator,Eligible Counties,Eligible ZIP Codes,Application Status,Application Window,AMI Min %,AMI Max %,Income Standard,Household Size Used?,Household Composition Rule,Asset Limit,Eligible Tenure,Primary Residence Required,Utility Account Required,Rent/Mortgage Arrears Required,Property Type Rule,First-Time Homebuyer Required,Employment / Occupation Rule,Age Rule,Disability Rule,Veteran Rule,Children / Pregnancy Rule,Credit Score Min,DTI Max %,Home Price / Rent Cap,Citizenship / Immigration Rule,Crisis / Displacement Required,Other Hard Disqualifiers,Benefit Type,Maximum Benefit,Benefit Frequency,Priority Factors,Required Documents,Application Method,Source URL,Last Verified,Verification Status,Internal Notes,Phone,Email,Address,Online schedule link,Intake Hours,Service Area Detail,Eligibility Summary,Availability / Waitlist Notes,Primary Source Type,Secondary Source URL,Research Confidence,Partner Listing Count,Partner Listing IDs,Data Gaps / Follow-Up,Research Date,Application Form URL,Form Notes,Reverification Notes
LIHEAP-OR-JACKSON-001,Low-Income Home Energy Assistance Program (LIHEAP),Utility Reduction,"ACCESS, Inc. (Community Action Agency)",Jackson,,Open,"Program year Oct 1 - Sep 30; priority intake Oct-Nov for vulnerable households, general intake thereafter until funds exhausted",0,60,60% Oregon State Median Income (SMI),Yes,All permanent household members counted; income counted for members 18 and older,,Renter; Homeowner,Yes,Yes (direct billing or landlord-paid utilities documented via Landlord Letter),No,"Single-family, manufactured/mobile home, or multi-family unit",No,"None; Employment Verification Form required if job started/ended in last 30 days, Self-Employment Worksheet required if self-employed",None (priority only: age 60+),None (priority only),,None (priority only: household with child under age 6),,,,Not specified in program materials reviewed,"No for standard Heating/Cooling benefit; Yes for Crisis component (shutoff notice, empty fuel tank, inoperative heating system)",Only one standard heating/cooling benefit per program year per household,Vendor-paid bill credit; Crisis payment; Weatherization referral,"$750 (Heating or Cooling); $1,000 (Crisis)",One standard benefit per program year; Crisis as needed,Seniors 60+; persons with disabilities; households with children under 6; documented energy crisis,"ID; Social Security cards; income/benefit documentation; utility bill or Landlord Letter; DHI, EVF, SEWS, or Child Support Statement as applicable","Phone, in-person, mail, or home visit through ACCESS",https://www.oregon.gov/ohcs/energy-weatherization/Pages/utility-bill-payment-assistance.aspx,2026-07-31,Verified,"FFY2026 income table effective Oct 1 2025; each additional household member beyond 12 adds $2,215/yr (confirmed against Pacific Power LID application, which shares the same 60% SMI table)",541-779-9020,https://accesshelps.org/contact/#email,"3630 Aviation Way, Medford, OR 97504",https://accessassistance.as.me/,8am-5pm M-T F 8am-4:30PM,Jackson county,60%ami households who need utility assistance,Open as funds allow,CCA site,www.accesshelps.org,High,,,New Program year and AMi limits september,7/31/2026,https://drive.google.com/drive/folders/1meh91lj6b45Ti6ZBD0Z6CU6OKi45prse?usp=drive_link,prismatic-sprite-9c776f.netlify.app,"Reverified 2026-08-06. Phone, address, 60% SMI standard confirmed. NOTE: the Email column contained a scheduling URL - moved to Form Notes."
OEAP-OR-JACKSON-001,Oregon Energy Assistance Program (OEAP),Utility Reduction,"ACCESS, Inc. (Community Action Agency)",Jackson,,Open,"Year-round, funding dependent",0,60,60% Oregon State Median Income (SMI) - same standard as LIHEAP,Yes,All permanent household members counted; income counted for members 18 and older,,Renter; Homeowner,Yes,Yes - must be a Pacific Power or Portland General Electric (PGE) customer,No,Any residential unit served by Pacific Power or PGE,No,,,,,,,,,Not specified in program materials reviewed,"No; purpose is to reduce/prevent disconnections generally, not limited to active crisis",Not available to customers of utilities other than Pacific Power or PGE,Vendor-paid electric bill assistance,Not fixed; varies by household need and available funding,"As needed, year-round",Households facing disconnection,ID; income documentation; utility bill,"Phone, in-person, mail, or home visit through ACCESS",https://www.oregon.gov/ohcs/energy-weatherization/Pages/utility-bill-payment-assistance.aspx,2026-07-31,Verified,Delivered by the same Jackson County CAA (ACCESS) as LIHEAP; complements LIHEAP for PP/PGE customers specifically; recipients also auto-qualify for Pacific Power's LID discount,541-779-9020,https://accessassistance.as.me/schedule/9afa74fe/?calendarIds=3692219,"3630 Aviation Way, Medford, OR 97504",https://accessassistance.as.me/schedule/9afa74fe/?calendarIds=3692219,8am-5pm M-T F 8am-4:30PM,Jackson County,60%ami households who need utility assistance,Open as funds allow,CCA site,www.accesshelps.org,High,,,New Program year and AMi limits september,7/31/2026,,,Reverified 2026-08-06. Confirmed limited to Pacific Power and PGE customers; Avista customers are NOT eligible and should be routed to Avista MED instead.
PP-LID-OR-001,Pacific Power Oregon Low-Income Discount (LID),Utility Reduction,Pacific Power (PacifiCorp),Jackson; all other Oregon counties in Pacific Power's service territory,,Open,"Continuous, year-round; re-enrollment required every 2 years",0,60,"Tiered % of Oregon State Median Income (SMI): <=5% SMI, 5-20% SMI, 20-60% SMI",Yes,All permanent residents counted; income averaged across household members 18 and older,,Renter; Homeowner (must be the billed account holder),Yes - discount applies only to the customer's permanent primary residence,Yes - Pacific Power electric account must be in the applicant's name,No,Any residence with a Pacific Power account billed directly to the resident; master-metered affordable housing may qualify separately under Special Condition 10,No,,,None for eligibility; additional PSPS (Public Safety Power Shutoff) notification support available if disability present,,,,,,Not specified in program materials reviewed,No,Account not in applicant's name; not the applicant's permanent primary residence,Percentage discount on monthly electric bill (before taxes; excludes Schedule 300 charges),"80% bill discount (top tier, household income <=5% of SMI)","Monthly, ongoing; re-enrollment every 2 years (automatic for LIHEAP/OEAP recipients)",LIHEAP or OEAP recipients auto-qualify and are placed at 20% discount by default if income/household size unknown,Pacific Power account number; self-declared household size and gross annual income (income verification requested from a random sample only),"Online application, mail-in paper application, or automatic enrollment via LIHEAP/OEAP receipt",https://www.pacificpower.net/my-account/payments/bill-payment-assistance/oregon-low-income-discount-program.html,2026-07-31,Verified,"3 discount tiers: 80% (<=5% SMI), 40% (5-20% SMI), 20% (20-60% SMI); tier cutoffs derived from published 60% SMI figures (/12 and /3); also carries non-discount protections (no late fees, no deposit, waived first field-visit fee, reduced-balance reconnection) for any income-qualified customer",1-888-221-7070,https://csapps.pacificpower.net/public/my-account/payments/or-low-income/en,NA,,Online,Pac power service area,Low Income pacific power customers,Open,Pacific power site,https://csapps.pacificpower.net/public/my-account/payments/or-low-income/en,High,,,,,https://www.pacificpower.net/content/dam/pcorp/documents/en/pacificpower/my-account/energy-assistance/oregon-lid/PP_OR_LID_App_ENGLISH.pdf,Spanish version: https://www.pacificpower.net/content/dam/pcorp/documents/en/pacificpower/my-account/energy-assistance/oregon-lid/PP_OR_LID_App_SPANISH.pdf | Apply online: PacificPower.net/LID,"Reverified 2026-08-06 against Pacific Power application form rev. 11/25 and Oregon Tariff Schedule 7. Tiers confirmed: 80% discount (<=5% SMI), 40% (5-20% SMI), 20% (20-60% SMI). LIHEAP/OEAP recipients auto-qualify at the 20% default tier."
LIHEAP-OR-Josephine-001,Low-Income Home Energy Assistance Program (LIHEAP),Utility Reduction,United Community Action Network (UCAN) - Community Action Agency for Douglas and Josephine counties,Josephine; Douglas,,Open,"Program year Oct 1 - Sep 30; priority intake Oct-Nov for vulnerable households, general intake thereafter until funds exhausted",0,60,60% Oregon State Median Income (SMI),Yes,All permanent household members counted; income counted for members 18 and older,,Renter; Homeowner,Yes,Yes (direct billing or landlord-paid utilities documented via Landlord Letter),No,"Single-family, manufactured/mobile home, or multi-family unit",No,"None; Employment Verification Form required if job started/ended in last 30 days, Self-Employment Worksheet required if self-employed",None (priority only: age 60+),None (priority only),,None (priority only: household with child under age 6),,,,Not specified in program materials reviewed,"No for standard Heating/Cooling benefit; Yes for Crisis component (shutoff notice, empty fuel tank, inoperative heating system)",Only one standard heating/cooling benefit per program year per household,Vendor-paid bill credit; Crisis payment; Weatherization referral,"$750 (Heating or Cooling); $1,000 (Crisis)",One standard benefit per program year; Crisis as needed,Seniors 60+; persons with disabilities; households with children under 6; documented energy crisis,Proof of income (e.g. pay stubs) for the month prior to the appointment; additional documents as requested at intake,"Schedule an appointment by calling 800-301-8226 or booking online at ucancap.org/utility-bill/. UCAN staff complete the application with the applicant during the appointment; the form is then signed in person, by mail, or by email.",https://www.ucancap.org/utility-bill/,2026-08-06,Verified,"UCAN is the Community Action Agency counterpart to ACCESS, covering Josephine and Douglas rather than Jackson. UCAN also administers OEAP, Weatherization, and SSVF for these counties - each is a candidate for its own row. A Josephine County applicant should be routed to UCAN, NOT to ACCESS.",800-301-8226 (800-301-UCAN); Grants Pass office (541) 956-4050,https://utilityassistance.as.me/schedule/1bf51586 info@ucancap.org,"900 SE 8th St., Grants Pass, OR 97526 (Grants Pass office)",,Mon-Fri 9:00am-12:00pm and 1:00pm-5:00pm (Grants Pass); closed daily 12:00-1:00pm for lunch,Douglas and Josephine counties. Outreach appointments also held periodically outside Roseburg and Grants Pass.,60%ami households who need utility assistance,Open as funds allow; appointment-based intake,Agency (UCAN) official page,https://www.ucancap.org/josephine-county-programs/,High,,,New Program year and AMi limits september,2026-08-06,https://www.ucancap.org/utility-bill/,No downloadable applicant PDF - UCAN staff complete the form with the applicant at the appointment. The link above is the scheduling and program information page.,"Reverified 2026-08-06 against UCAN's own site. Added phone, address, hours, service area, application method, and required documents (all previously blank or partial)."
AVISTA-MED-OR-001,My Energy Discount - Oregon (formerly My Energy Rate),Utility Reduction,"Avista Corporation, in partnership with local Community Action Agencies for verification",Jackson; Union; Klamath; Douglas; Josephine (Avista Oregon electric/natural gas service territory),,Open,"Continuous, year-round; no application deadline",0,60,"60% Oregon State Median Income (SMI), effective 10/1/2025",Yes,All household members counted (adults and children); income counted for household members over 18,,Renter; Homeowner,Not explicitly stated; must be a residential Oregon service address,Yes - must be the Avista account holder or a co-tenant financially responsible for the account,"No (separate past-due assistance auto-enrollment offered, opt-out available)",Residential Avista premise in Oregon only,No,"None; application asks what portion of income is from employment vs. fixed income (SSI, SSDI, pension, veterans pay, other private disability)",None (senior 60+ status collected as voluntary demographic data only),None for eligibility (voluntary demographic data; fixed-income question references disability income sources),None for eligibility (voluntary demographic data only),,,,,Not specified in program materials reviewed,No,Commercial premises not eligible,Personalized ongoing monthly bill discount (percentage/amount not publicly tiered; based on household size and income),Not published as a fixed amount or percentage; individually calculated per household,"Monthly, ongoing for 2 years; re-enrollment required after 2 years (reminder sent)","None (formula-based eligibility, not a competitive/limited fund)",None required at initial application (self-declared income and household size only); random sample of enrollees may later be asked to verify income,"Online (signed in or as guest), phone, mail-in paper application, or in-person through local Community Action Agency",https://www.myavista.com/your-account/power-of-compassion/oregonassistance/my-energy-discount-or,2026-07-31,Verified,"No paperwork required to apply, unlike LIHEAP/ACCESS forms; can be received simultaneously with LIHEAP/OEAP (discount applies to balance remaining after energy assistance payment); discount covers usage cost, basic charge, and franchise fees only - excludes My Clean Energy, Project Share, Energy Smart Loan charges, late fees, and write-offs; also grants reduced-fee and flexible-reconnection protections, same as Pacific Power's LID, for enrollees or medical-certificate holders; publishes per-additional-member increment as $2,214/yr, $1 off Pacific Power's $2,215/yr figure for the same SMI table - likely independent rounding, not a substantive difference; Jackson County in-person applications go through ACCESS, (541) 779-9020, the same agency administering LIHEAP/OEAP locally",(800) 227-9187 (residential); (800) 936-6629 (business); TTY dial 711,ask@myavista.com,"Mail-in My Energy Discount – Oregon applications specifically: Avista, Lobby Rep, MSC-34, PO Box 3727, Spokane, WA 99220-3727",,Can apply at access,Avista customers,Low Income Avista customers,Open,Avista site,https://www.myavista.com/your-account/power-of-compassion/oregonassistance,High,,,,,https://www.myavista.com/your-account/power-of-compassion/oregonassistance/my-energy-discount-or,"No downloadable applicant PDF - apply online, by phone, by mail, or in person via ACCESS. Mail-in: Avista, Lobby Rep, MSC-34, PO Box 3727, Spokane, WA 99220-3727. NO documentation required at initial application (self-declared income and household size).","CORRECTED 2026-08-06: the Phone column previously contained an email address. Actual phone numbers added. Also note Avista publishes the per-additional-member increment as $2,214/yr vs Pacific Power's $2,215/yr for the same 60% SMI table - likely independent rounding, not a substantive difference."
UCAN-OEAP-OR-001,Oregon Energy Assistance Program (OEAP) - Josephine/Douglas,Utility Reduction,United Community Action Network (UCAN),Josephine; Douglas,,Open,"Year-round, funding dependent",0,60,60% Oregon State Median Income (same standard as LIHEAP),Yes,,,Renter; Homeowner,,Yes - must be a Pacific Power customer,,,,,,,,,,,,,,,"Electric bill payment assistance to prevent shutoff. Also includes a conservation kit: CFL bulb, kitchen and bathroom sink aerators, outlet safety caps, foam outlet covers, refrigerator thermometer, low-flow shower head, temperature/humidity light switch cover, LED night light, and in some cases window kits.",Not published - varies by need and funding,"As needed, year-round",,Proof of income for the month prior to the appointment,Schedule an appointment by calling 800-301-8226 or booking online at ucancap.org/utility-bill/,https://www.ucancap.org/utility-bill/,2026-08-06,Verified against UCAN's utility assistance materials,Josephine/Douglas counterpart to the ACCESS-delivered OEAP row for Jackson County. Limited to Pacific Power customers - Avista customers in Josephine County should be routed to Avista MED instead.,800-301-8226 (800-301-UCAN); Grants Pass (541) 956-4050,,"900 SE 8th St., Grants Pass, OR 97526",,Mon-Fri 9:00am-12:00pm and 1:00pm-5:00pm; closed 12:00-1:00pm,Josephine and Douglas counties,Pacific Power customer in Josephine or Douglas County at or below 60% SMI,Open as funds allow; appointment-based,Agency (UCAN) official page,,Medium-High,1,UCAN,,2026-08-06,https://www.ucancap.org/utility-bill/,"No downloadable applicant form - UCAN staff complete the application with the applicant at a scheduled appointment; form is then signed in person, by mail, or by email.",NEW ROW added 2026-08-06. The sheet had OEAP for Jackson only.
ACCESS-HOAP-OR-001,Home Ownership Assistance Program (HOAP),Down Payment Assistance,"Oregon Housing and Community Services (OHCS), delivered locally by ACCESS Homeownership Center",Jackson; Josephine,,Open,"Continuous, funding dependent",0,100,Household income at or below 100% of Area Median Income (AMI); first-time AND first-generation homebuyers,Yes (implied by HUD median income limit structure),Not specified in program materials reviewed,,Prospective homeowner (first-time homebuyer),Yes,No,No,Real property located in Jackson or Josephine County; must be buyer's primary residence,Yes - must not have owned a home in the past 3 years,"Must be pre-approved by a lender for a conforming conventional, government-insured, or government-guaranteed mortgage",,,,,Not specified in program materials reviewed (set by partner lender's mortgage approval),55% (per third-party program summary; not confirmed directly on ACCESS or OHCS page),Not specified on source page,Not specified in program materials reviewed,No,Must complete required homebuyer education AND individual pre-purchase counseling with a Certified Homeownership Counselor at ACCESS within the last 18 months before applying,Down payment and closing cost assistance (loan structure not specified on ACCESS page; a third-party summary describes a 30-year loan up to 20% of the home's sale price),"Up to $60,000 or 20% of the purchase price, whichever is less","One-time, at purchase",,Completion certificate for 'Realizing the American Dream' or 'eHome America' homebuyer education course; individual pre-purchase counseling certificate (within 18 months); mortgage pre-approval letter; accepted purchase offer,"Buyer's lender submits a grant application to ACCESS once education, counseling, and mortgage pre-approval are complete and an offer is accepted",https://accesshelps.org/homeownership/,2026-07-31,"Verified against ACCESS's official homeownership page for local process, and OHCS's statewide Down Payment Assistance page for the income and benefit figures (HOAP appears to be ACCESS's local delivery of this statewide OHCS fund)","Buyer must contribute a minimum of $500 of their own funds; funded in part by OHCS's statewide Homeownership Down Payment Assistance fund and Construction Excise Tax (CET) proceeds; ACCESS is the only certified HUD Housing Counseling Agency in Jackson County; contact ACCESS Homeownership Center (541) 774-4305 or hocinfo@accesshelps.org. Updated 2026-07-31: income and benefit figures corrected using OHCS's statewide DPA page (oregon.gov/ohcs/homeownership/homebuyers), which was not found in the original pass.",(541) 774-4305,hocinfo@accesshelps.org,"3630 Aviation Way, Medford, OR 97504",https://accesshelps.org/wp-content/uploads/Homeownership-Intake-form.pdf,Mon-Thu 7:30am-6:00pm; Fri 8:00am-4:30pm (Homeownership Center),Jackson & Josephine County,First-time buyer; <=100% AMI; homebuyer education + pre-purchase counseling required,Funding-dependent; competitive; apply early in the homebuying timeline,Agency (ACCESS) official page,https://accesshelps.org/homeownership/,High,1,ACCESS-HOC,"Confirm current $60,000/20%-of-price cap directly with ACCESS each program year",2026-07-31,https://accesshelps.org/wp-content/uploads/Homeownership-Intake-form.pdf,"ACCESS Homeownership Center Intake Form - the same form covers HOAP, RVAR/OAR, and the ACCESS-delivered IDA track.","CORRECTED 2026-08-06: income standard and benefit cap were previously unspecified/third-party sourced. Now set from OHCS's statewide Down Payment Assistance page (100% AMI, $60,000 or 20% cap). HOAP appears to be ACCESS's local delivery of that statewide OHCS fund."
ACCESS-RVAR-OAR-OR-001,RVAR/OAR HOME Foundation First-Time Homebuyer Assistance Program,Down Payment Assistance,"Rogue Valley Association of Realtors / Oregon Association of Realtors HOME Foundation, delivered locally by ACCESS Homeownership Center",Jackson; Josephine,,Open,"Continuous, funding dependent",0,100,Household income does not exceed the State of Oregon Median Income Limit per HUD guidelines,Yes (implied by HUD median income limit structure),Not specified in program materials reviewed,,Prospective homeowner (first-time homebuyer),Yes,No,No,Real property located in Jackson or Josephine County; must be buyer's primary residence,Yes - must not have owned a home in the past 3 years,"Must be pre-approved by a lender for a conforming conventional, government-insured, or government-guaranteed mortgage",,,,,,,,Not specified in program materials reviewed,No,Must work with a local Realtor who is an active member of Southern Oregon Multiple Listing Service; must complete homebuyer education AND individual pre-purchase counseling with a Certified Homeownership Counselor at ACCESS within the last 18 months,"Non-repayable grant toward down payment, closing costs, or prepaid items","$2,500","One-time, at purchase",,Completion certificate for 'Realizing the American Dream' or 'eHome America' homebuyer education course; individual pre-purchase counseling certificate (within 18 months); mortgage pre-approval letter; accepted purchase offer working with a qualifying Realtor,"Buyer's lender submits a grant application to ACCESS once education, counseling, and mortgage pre-approval are complete and an offer is accepted",https://accesshelps.org/homeownership/,2026-07-31,Verified directly against ACCESS's official homeownership page,"Homebuyer must contribute a minimum of $500 of their own funds toward the purchase; funded by the RVAR/OAR HOME Foundation (a Realtor-association charitable fund), not a government agency; shares the same education/counseling prerequisites as HOAP, so a household completing those once may qualify for both grants",(541) 774-4305,hocinfo@accesshelps.org,"3630 Aviation Way, Medford, OR 97504",,Mon-Thu 7:30am-6:00pm; Fri 8:00am-4:30pm,Jackson & Josephine County,First-time buyer; income <= state median; must work with a Southern Oregon MLS Realtor,Funding-dependent; shares ACCESS intake process with HOAP,Agency (ACCESS) official page,https://accesshelps.org/homeownership/,High,1,ACCESS-HOC,None significant,2026-07-31,https://accesshelps.org/wp-content/uploads/Homeownership-Intake-form.pdf,Same ACCESS Homeownership Center Intake Form as HOAP - a household completing HOAP prerequisites can apply for both with no duplicate paperwork.,"Reverified 2026-08-06. $2,500 grant and Southern Oregon MLS Realtor requirement confirmed against ACCESS's homeownership page."
OHCS-REOREGON-DPA-001,ReOregon Down Payment Assistance (DPA) Program,Down Payment Assistance,"Oregon Housing and Community Services (OHCS) ReOregon, delivered locally by ACCESS Center for Community Resilience",Clackamas; Douglas; Jackson; Klamath; Lane; Lincoln; Linn; Marion,,"Open (funding status varies by county - some counties marked ""limited"")","Continuous while county funding is ""available"" or ""limited""; closes when a county's funds are exhausted",0,80,Household income at or below 80% of area median income (AMI) for the household's county,Yes,Not specified in program materials reviewed,,Prospective homeowner (first-time homebuyer),Yes,No,No,"Single-family home, townhome, condo, or manufactured home in one of the 8 eligible counties","Yes - has not owned a home in the past 3 years, OR is a single parent/displaced spouse who only owned a home jointly with a former spouse",,,,,,,Total monthly debts must be less than 50% of income,Loan covers eligible costs only; buyer must still secure an affordable mortgage from a lender for the remainder,Not specified in program materials reviewed,Yes - must have lived in an eligible county at the time of the 2020 Labor Day wildfires or straight-line winds,Must not sign a purchase agreement or make an offer before DPA approval; must spend 20-30% of monthly income on housing costs after purchase,30-year forgivable loan (1/30th forgiven each year; fully forgiven after 30 years if the buyer stays in the home),"Up to $150,000 (actual amount based on remaining need after an affordable mortgage)","One-time, at purchase",Households with verified home losses from the 2020 wildfires are prioritized when funds are limited,Housing Support Services application; proof of 2020 residency in an eligible county; income documentation; first-time homebuyer certification,Submit a Housing Support Services application to the community action agency closest to the applicant (ACCESS for Jackson County),https://www.oregon.gov/ohcs/disaster-recovery/reoregon/housing-support-services/Pages/down-payment-assistance-program.aspx,2026-07-31,Verified directly against OHCS's official ReOregon program page,"CONFLICT FLAG: ACCESS's own homeownership page states this program uses an 80% AMI threshold and names the 2020 Almeda and Obenchain fires specifically, while OHCS's official ReOregon program page states 120% AMI and covers the broader 2020 Labor Day wildfires/straight-line winds across 8 counties. Used the OHCS figure (120% AMI) as the more authoritative, program-specific source, but this should be reconciled before quoting an exact AMI threshold to a client. Local intake in Jackson County goes through ACCESS Center for Community Resilience at (541) 414-0318 or ccr@accesshelps.org rather than the general Homeownership Center line.",877-510-6800 (statewide); (541) 414-0318 (ACCESS Center for Community Resilience),reoregon@hcs.oregon.gov; ccr@accesshelps.org,"OHCS: 725 Summer St NE Suite B, Salem, OR 97301; ACCESS CCR: 3630 Aviation Way, Medford, OR 97504 (CCR-specific address not separately confirmed)",,Not specifically published for CCR; assume standard ACCESS business hours pending confirmation,"8 counties: Clackamas, Douglas, Jackson, Klamath, Lane, Lincoln, Linn, Marion - Josephine NOT included",Lived in an eligible county during the 2020 Labor Day wildfires; <=120% AMI; first-time buyer,"Funding status varies ""available""/""limited"" by county; related IHA program has a 6/30/2026 deadline",State (OHCS) official page,https://www.oregon.gov/ohcs/disaster-recovery/reoregon/housing-support-services/Pages/down-payment-assistance-program.aspx,High,1,ACCESS-CCR,CONFLICT: ACCESS's own page cites 80% AMI vs. OHCS's 120% AMI - used the lower Access  figure,2026-07-31,https://www.oregon.gov/ohcs/disaster-recovery/reoregon/housing-support-services/Documents/hss-application-english.pdf,"Housing Support Services Application (English). A separate required-documents checklist PDF is published on OHCS's ""Preparing to Apply"" page. Local Jackson County intake runs through ACCESS Center for Community Resilience, (541) 414-0318, ccr@accesshelps.org.",CONFLICT UNRESOLVED as of 2026-08-06: ACCESS's own page states 80% AMI and names the Almeda/Obenchain fires specifically; OHCS's official ReOregon page states 120% AMI across 8 counties from the 2020 Labor Day wildfires. Used the OHCS figure as the more authoritative program-specific source. Confirm before quoting an AMI threshold to a client.
OHCS-BOND-OR-001,OHCS Flex Lending Program (FirstHome / NextStep) - formerly Oregon Bond Residential Loan,Down Payment Assistance,"Oregon Housing and Community Services (OHCS), delivered through OHCS-approved private lenders","Statewide, including Jackson",,Open,Continuous; subject to bond funding availability,0,,"Household income limit varies by county, household size, and whether the area is a HUD-designated 'targeted area'; published and updated periodically by OHCS (sources reviewed cite figures roughly in the $99,000-$165,000/yr range depending on area/family size, but the exact current table should be confirmed directly with OHCS)",Yes,Not specified in program materials reviewed,,Prospective homeowner (first-time homebuyer; repeat buyers allowed only in HUD-designated targeted areas),Yes - cannot be rented out,No,No,Single-family home in Oregon; manufactured homes allowed only if built after June 1976 and not on leased land in a park,"Yes, unless purchasing in a HUD-designated targeted area",,,,,,"Set by individual OHCS-approved lender's underwriting standards, not published by OHCS itself","Set by individual lender per standard mortgage underwriting (Conventional, FHA, VA, or USDA)","Purchase price limit varies by county and targeted-area status; sources reviewed cite figures roughly in the $481,000-$865,000 range depending on area, but the exact current limit should be confirmed directly with OHCS",Not specified in program materials reviewed,No,Must use an OHCS-approved lender; Cash Advantage funds cannot be used toward the minimum borrower investment required for FHA or Conventional loans,First mortgage loan with either a reduced fixed interest rate (Rate Advantage) or a 3% cash grant toward closing costs/pre-paids plus a reduced rate (Cash Advantage),"Cash Advantage: 3% of the loan amount as a non-repayable grant, plus a reduced interest rate on the first mortgage","One-time, at purchase (ongoing benefit via the reduced mortgage rate over the loan term)",,Standard mortgage application documents through an OHCS-approved lender; homebuyer education completion for some down payment assistance combinations,"Apply through an OHCS-approved participating lender (not through ACCESS directly, though ACCESS can refer to a Bond-approved lender)",https://www.oregon.gov/ohcs/homeownership/Pages/index.aspx,2026-08-06,"Core structure (Rate Advantage vs. Cash Advantage, 3% grant, no fee, no prepayment penalty) verified against OHCS's own FAQ and fact sheet; specific current-year income and purchase price limits were not independently confirmed on an OHCS page and should be checked before quoting to a client","Can be combined with local down payment assistance programs (e.g., HOAP, RVAR/OAR) per multiple sources, but stacking rules should be confirmed with an OHCS-approved lender; not a program ACCESS administers directly - it's a mortgage product accessed through a private lender",800-453-5511 (OHCS general),HCS_HomeownershipLending@hcs.oregon.gov,"725 Summer St NE, Suite B, Salem, OR 97301",,"N/A - delivered through private lenders, not a direct OHCS intake",Statewide Oregon,First-time buyer generally; income/purchase-price limits vary by county; via an OHCS-approved lender,Continuous; bond-funding dependent,State (OHCS) official page,https://www.oregon.gov/ohcs/homeownership/Pages/index.aspx,Medium,0,"N/A - many private lenders, no single local partner","REWRITE NEEDED: verify FirstHome vs NextStep eligibility, current DPA percentage, credit score minimum, and Jackson/Josephine county income and purchase-price limits at oregon.gov/ohcs/homeownership/homebuyers/pages/flex-lending.aspx",2026-08-06,https://www.oregon.gov/ohcs/homeownership/pages/find-a-lender.aspx,No applicant-facing form exists - Flex Lending is arranged entirely through an OHCS-approved lender as part of mortgage origination. The link above is OHCS's live lender search tool (searchable by county); OHCS does not publish a static downloadable lender list.,"MAJOR CORRECTION 2026-08-06: the ""Oregon Bond Residential Loan / Rate Advantage / Cash Advantage"" branding appears to be retired. OHCS now presents this as Flex Lending with two products - FirstHome (first-time buyers, some veteran/targeted-area exceptions) and NextStep (open to repeat buyers, flat income cap around $125,000). Down payment assistance is now cited as 4% or 5% of the loan amount as a second mortgage, with a 620 minimum credit score - NOT the flat 3% Cash Advantage grant previously recorded. Income and purchase-price limits are set per county via tables linked from the FirstHome/NextStep pages. This row's benefit fields should be rewritten against those pages before use."
OHCS-MCC-OR-001,Oregon Mortgage Credit Certificate (MCC) Program,Down Payment Assistance,"Oregon Housing and Community Services (OHCS), delivered through OHCS-approved private lenders","Statewide, including Jackson",,Open,Continuous,0,,Income at or below the median family income limit established by OHCS for the area (per ORS 456.605); moderate and lower-income households,Yes,Not specified in program materials reviewed,,Prospective homeowner,Yes - must be the certificate holder's principal residence,No,No,New or existing single-family residence in Oregon,"Yes - generally must not have owned a principal residence in the prior 3 years (waived in federally designated targeted areas), consistent with federal MCC/mortgage rules",,,,,,Set by individual lender's underwriting standards,Set by individual lender; the tax credit can help borrowers qualify for a larger loan by effectively increasing usable income,Subject to federal acquisition cost limits under the mortgage credit certificate program rules,Not specified in program materials reviewed,No,"Cannot be combined with an Oregon Bond loan, Oregon Department of Veterans' Affairs loan, or other 'prohibited mortgage' as defined by the program; must be a new first-lien mortgage","Federal income tax credit equal to a set percentage (the 'MCC rate', typically around 20% in examples reviewed, though OHCS can set 10-50%) of annual mortgage interest paid","Federal tax credit capped at $2,000 per year under federal MCC rules; unused credit can carry forward up to 3 years","Annual, for the life of the mortgage (claimed on the borrower's federal tax return each year)",,MCC program application/affidavit completed with an OHCS-approved lender at the time of loan origination; annual claim via IRS Form 8396,Apply through an OHCS-approved participating lender at the time of mortgage origination,https://www.oregon.gov/ohcs/homeownership/Pages/index.aspx,2026-07-31,"Program mechanics verified against ORS 456.605, Oregon Administrative Rules Division 80, and NCSHA's national MCC program overview; Oregon's current-year specific MCC rate and income/price limits were not independently confirmed and should be checked with OHCS or a participating lender","This is a tax benefit, not a cash grant - value depends on the buyer's tax liability and is realized annually at tax filing, not at closing; can meaningfully help buyers qualify for a mortgage by increasing effective income used in underwriting; distinct from and cannot be combined with the Oregon Bond loan",800-453-5511 (OHCS general),HCS_HomeownershipLending@hcs.oregon.gov,"725 Summer St NE, Suite B, Salem, OR 97301",,N/A - arranged through a private lender only,Statewide Oregon,First-time buyer generally; income/purchase-price limits; must be arranged at loan origination,Continuous,State (OHCS) + statutory (ORS 456.605) + NCSHA overview,https://www.oregon.gov/ohcs/homeownership/Pages/index.aspx,Medium,0,N/A,Current MCC rate (10-50% range) and exact income/price limits not independently confirmed,2026-07-31,https://www.oregon.gov/ohcs/homeownership/pages/find-a-lender.aspx,No applicant-facing form - the lender completes an MCC application/affidavit at loan origination. Borrower files IRS Form 8396 annually thereafter to claim the credit: https://www.irs.gov/forms-pubs/about-form-8396,"Reverified 2026-08-06. Federal $2,000/yr credit cap and the prohibition on combining MCC with an Oregon Bond/Flex Lending loan confirmed. Current Oregon MCC rate and county income/price limits still not located on an OHCS page - confirm with a participating lender."
OR-HOME-SAVINGS-001,Oregon First-Time Home Buyer Savings Account (OR-HOME),Down Payment Assistance,Oregon Department of Revenue (state tax program); account held at any Oregon financial institution,"Statewide, including Jackson",,"Open - account must be opened by December 31, 2026 per program sunset reviewed",Must open the account by 12/31/2026; funds must be used to purchase a home within 10 years of opening,,,None - not means-tested; available to any first-time homebuyer regardless of income,No,,,Prospective homeowner (saving toward purchase),Funds must be used toward a single-family home that will be the buyer's residence,No,No,Single-family home in Oregon,Yes,,,,,,,,,Not specified in program materials reviewed,No,Funds not used for a qualifying home purchase within 10 years may lose the tax-advantaged treatment; account must be designated via Form OR-HOME,Oregon state income tax deduction for amounts deposited into (and earnings on) a dedicated savings account,"Deduct up to $6,285/year (single filer) or $12,570/year (joint filers) from Oregon taxable income for tax year 2026; lifetime aggregate cap $50,000 single / $100,000 joint","Annual deduction, claimed each year deposits are made, until the home is purchased or the account is closed",,Oregon Form OR-HOME filed with state tax return designating the account,Open a First-Time Home Buyer Savings Account at any Oregon financial institution; no application to a housing agency required,https://www.oregon.gov/dor,2026-07-31,Verified directly against the Oregon Department of Revenue's own First-Time Home Buyer Savings Account page and Form OR-HOME,"This is a savings vehicle (tax deduction), not a grant or direct assistance payment - it accelerates a buyer's own saving rather than providing outside funds; can be combined with OHCS assistance programs per third-party sources; not income-restricted, so it doesn't fit the same 60%/80%/100% AMI framework as the other rows in this sheet | Updated 2026-07-31: corrected deduction caps to the 2026 figures ($6,285/$12,570) confirmed on Oregon DOR's own page; the earlier $6,125/$12,245 figures were for tax year 2025, sourced from a news release rather than DOR's current page.",800-356-4222 (toll-free in OR); 503-378-4988,questions.dor@oregon.gov,Not independently confirmed - use phone/email,,Not published; standard Oregon DOR business hours assumed but not confirmed,Statewide Oregon; any Oregon financial institution,First-time buyer; no income limit; account must be opened by 12/31/2026,"N/A - self-directed tax program, no waitlist",State (Oregon DOR) official form/page,https://www.oregon.gov/dor/forms/FormsPubs/form-or-home_101-010_110424.pdf,Medium,0,N/A,Deduction caps were corrected once already during research; verify current-year figures each tax season,2026-08-04,https://www.oregon.gov/dor/forms/FormsPubs/form-or-home_101-010_110424.pdf,Form OR-HOME (Oregon DOR form 101-010). Part 1 designates the account; Part 2 designates a beneficiary if different from the account holder. Filed with the Oregon income tax return.,"CORRECTED 2026-08-06: deduction caps updated to the 2026 figures ($6,285/$12,570) from Oregon DOR. The previously recorded $6,125/$12,245 were tax-year-2025 figures sourced from a news release rather than DOR's own page."
OR-IDA-HOME-001,Oregon Individual Development Account (IDA) Initiative - Homeownership Goal,Down Payment Assistance,"Oregon IDA Initiative (OHCS-supported), fiduciary organization CASA of Oregon / VIDA network, delivered through local nonprofit partner agencies statewide",Statewide - exact Jackson County delivery partner not confirmed in sources reviewed; contact CASA of Oregon to locate the current local provider,,Open (varies by local partner agency's enrollment cycle),Rolling enrollment through local partner agencies; savings period ranges from about 3 months to 3+ years depending on provider and savings goal,0,80,Household adjusted gross income at or below 80% of area median income for household size (figure confirmed via a DevNW-operated IDA program; exact threshold may vary slightly by local partner agency),Yes,Not specified in program materials reviewed,"Household net worth at or below $20,000, excluding a primary vehicle, primary home (if applicable), and a modest retirement account (limits on the excluded retirement amount vary by source, from $60,000 to $120,000)","Prospective homeowner (saving toward purchase, repair, or rehabilitation)",Must be in Oregon,No,No,Not specified beyond primary residence in Oregon,"Not specified as a hard requirement in sources reviewed (IDA also funds home repair/rehab, not just purchase)",Must demonstrate regular income sufficient to make monthly savings deposits,,,,,,,,Not specified in program materials reviewed,No,Must complete required financial education; some partner agencies charge a membership/application fee (one provider reviewed charges $75),"Matched savings account - participant deposits are matched with grant funds toward an approved home purchase, down payment, or repair","Match ratio commonly 5:1 in sources reviewed (e.g., save $1,200, receive $6,000 in match, for $7,200 total); exact ratio and cap set by the local partner agency and available funding","One-time, upon reaching the savings goal and completing the program",,"Proof of income; proof of Oregon residency; financial education completion; documentation of the approved use (purchase agreement, contractor estimate, etc.)",Enroll through a local CASA of Oregon/VIDA network partner agency; find a provider via CASA of Oregon's website,https://www.oregon.gov/ohcs/housing-assistance/pages/individual-development-account.aspx,2026-07-31,"Program structure and match ratio verified against OHCS, CASA of Oregon, and two individual provider (DevNW, NEOEDD) pages; the specific agency serving Jackson County was not confirmed in sources reviewed - ACCESS's own homeownership page does not mention IDAs directly","FOLLOW UP NEEDED: confirm whether ACCESS or another Jackson County nonprofit is the local IDA delivery partner before referring a client; if no local partner exists, CASA of Oregon can identify the nearest one","(541) 774-4305 (ACCESS, if Jackson/Josephine track applies)",hocinfo@accesshelps.org,"3630 Aviation Way, Medford, OR 97504 (unconfirmed as the local IDA provider)",,"Mon-Thu 7:30am-6:00pm; Fri 8:00am-4:30pm (ACCESS HOC hours, if applicable)",Statewide via CASA of Oregon/VIDA network; Jackson/Josephine County provider not confirmed,"<=80% AMI; household net worth <=$20,000",Rolling enrollment through local partner agencies; savings period commonly 3 months to 3 years,"State (OHCS) + nonprofit provider pages (DevNW, NEOEDD)",https://www.oregon.gov/ohcs/housing-assistance/pages/individual-development-account.aspx,Low,0-1 (unconfirmed),https://oregonidainitiative.org/overview/our-ida-partners/,"FOLLOW-UP NEEDED: confirm the actual Jackson County IDA delivery partner - ACCESS's own homeownership page does not mention IDA, Looks like it is Habitat and HAJC though FSS program only)",2026-07-31,https://www.ucancap.org/individual-development-accounts/ (Josephine/Douglas via UCAN) | https://accesshelps.org/wp-content/uploads/Homeownership-Intake-form.pdf (if delivered via ACCESS in Jackson),No single statewide IDA form - each local partner agency in the CASA of Oregon/VIDA network runs its own intake. Confirm which agency serves the applicant's county before using either link.,PARTIALLY RESOLVED 2026-08-06: UCAN confirmed as an IDA-adjacent Community Action Agency for Josephine/Douglas. Whether ACCESS delivers IDA for Jackson County remains UNCONFIRMED - ACCESS's own homeownership page still does not list IDA services. Call before referring a Jackson County client on this basis.
USDA-502-JACKSON-001,USDA Rural Development Single Family Housing Loans (Section 502 Direct and Guaranteed),Down Payment Assistance,"U.S. Department of Agriculture, Rural Development - Direct loans issued by USDA directly; Guaranteed loans issued by USDA-approved private lenders","Jackson (rural/suburban areas only - core urban blocks of Medford and Central Point are excluded; most other areas including Talent, Phoenix, Rogue River, Shady Cove, and Gold Hill are eligible)",,Open,Continuous,0,115,"Two tiers: Guaranteed loan uses a moderate-income limit (up to 115% of area median income; cited at $119,850/yr for a 1-4 person household, $158,250 for 5-8, per a national FY2025 table still cited as current for 2026 - confirm the Jackson County-specific row). Direct loan uses low-income (up to 80% AMI) and very-low-income (up to 50% AMI) limits; one source cites Jackson County-specific Direct limits of $90,300 (1-4 person household) and $119,200 (5-8 person household), which may reflect an earlier year's table",Yes,"Total household income counted, including all adult household members, not just the borrower(s)",,Prospective homeowner,"Yes - owner-occupied only, not available for investment properties",No,No,"Home must be located in a USDA-eligible rural or suburban area (broadly defined; population 35,000 or less and 'rural in character')",No - open to repeat buyers as well as first-time buyers,Must demonstrate ability and willingness to repay debt; Direct loan applicants generally must be unable to obtain other affordable financing,,,,,Guaranteed loan: commonly cited at 640 for automated approval; manual underwriting exceptions possible below that with compensating factors. Direct loan: no fixed minimum published; assessed case by case,"Guaranteed loan: commonly cited around 29% housing / 41% total debt ratios, though exceptions apply",No maximum loan amount cited for Guaranteed loans in Oregon; loan amount is based on repayment ability and the area loan limit for Direct loans,Not specified in program materials reviewed,No,Property must be in a USDA-eligible area - not available for homes inside Medford or Central Point city limits,"Direct loan: government-issued mortgage with payment assistance (interest subsidy) reducing the payment based on adjusted income. Guaranteed loan: 100% financing (zero down payment) on a mortgage from a private lender, backed by a USDA guarantee",0% down payment (both loan types); Direct loan payment assistance amount varies by adjusted family income; Guaranteed loan charges an upfront 1% guarantee fee plus a 0.35% annual fee in lieu of a down payment,One-time loan origination; ongoing reduced payments for the life of the loan (Direct) or standard mortgage terms (Guaranteed),Direct loan prioritizes low- and very-low-income applicants who cannot obtain other affordable financing,"Standard mortgage application documents; income and asset verification; for Direct loans, a demonstrated inability to secure other affordable credit",Guaranteed loan: apply through a USDA-approved private lender. Direct loan: apply through the local USDA Rural Development office; a Single Family Housing Direct Self-Assessment tool is available online to check likely eligibility before applying,https://www.rd.usda.gov/programs-services/single-family-housing-programs/single-family-housing-direct-home-loans-4,2026-07-31,"Program structure verified against USDA's own Rural Development page; specific Jackson County dollar income limits came from third-party aggregator sites with inconsistent figures between sources (one shows lower, likely older, Direct-loan-tier numbers; another shows the higher national Guaranteed-loan-tier figure) - the exact current Jackson County income limit table should be confirmed directly on USDA's income-limit lookup tool before quoting to a client","Not administered by ACCESS or OHCS - this is a federal program, though ACCESS or a local lender can still help a client determine property eligibility; property eligibility is address-specific, not county-wide, so always check the exact address against USDA's eligibility map rather than assuming based on county alone",Varies by local USDA RD office / approved lender - no single number confirmed,Not confirmed,Local USDA Rural Development office (Oregon State Office address not independently confirmed),,N/A - varies by lender/office,Jackson County rural/suburban areas only (excludes core Medford/Central Point); eligibility is address-specific,Guaranteed: <=115% AMI via a USDA-approved lender. Direct: <=80% AMI (low) or <=50% AMI (very low) via the local USDA RD office,Continuous; Guaranteed loans move at normal mortgage speed; Direct loan speed depends on local office capacity,Federal (USDA) official page,https://www.rd.usda.gov/programs-services/single-family-housing-programs/single-family-housing-direct-home-loans-4,Low-Medium,0,N/A,"Jackson County income-limit figures conflict between third-party sources - confirm via USDA's official income-limit lookup tool. (we need to speak with a lendor, realitor or Housing council to confirm limits)",2026-07-31,https://eligibility.sc.egov.usda.gov/eligibility/welcomeAction.do,"USDA property and income eligibility lookup - check the EXACT property address here first, since eligibility is address-specific, not county-wide. Direct loan self-assessment: https://www.rd.usda.gov/rural-housing-single-family-housing-direct-self-assessment. No single downloadable applicant form: Guaranteed loans go through a USDA-approved lender; Direct loans through the local USDA Rural Development office.","Reverified 2026-08-06. Income limit figures remain inconsistent between third-party aggregators (one shows Direct-tier ~$90,300 for 1-4 person, another the Guaranteed-tier ~$119,850). Use USDA's own eligibility lookup rather than any secondhand figure."
HABITAT-RV-OR-001,Rogue Valley Habitat for Humanity Homeownership Program,Down Payment Assistance,"Rogue Valley Habitat for Humanity (local nonprofit affiliate, not a government agency)",Jackson,,"Open on a cyclical basis - applications accepted during periodic 30-day windows, roughly twice per year depending on land inventory and budget",30-day application windows announced periodically; an orientation session is required just before each window opens,40,70,"Household income between 40% and 70% of the Federal Median Income for Jackson County, based on family size (one internal volunteer handbook cites a simpler 'below 70% AMI' standard - treat 40-70% as the operative range pending confirmation)",Yes,Not specified in program materials reviewed,,Prospective homeowner (first-time homebuyer),Yes,No,No,Newly constructed or rehabilitated Habitat home in Jackson County (Ashland must be a viable living location per one source reviewed),Yes - applicant(s) must not have owned real property in the last 3 years (a manufactured home on rented land does not count as real property and does not disqualify),Must demonstrate ability to make monthly mortgage payments (cited around $500-$750/month over a 30-year term in one source),,No requirement - reasonable accommodations made for sweat-equity hours for health or disability reasons,,,Not specified in program materials reviewed,,"Monthly housing payment (mortgage, insurance, property tax, HOA/pad fees) capped at no more than 30% of the household's gross monthly income at the time of purchase","At least one applicant must be a U.S. citizen or lawful Permanent Resident, and that person must be the source of the qualifying income","No (though a related disaster-recovery track exists for households who lost homes in the 2020 wildfires, per program materials reviewed)",Must currently live or work in Jackson County (sources reviewed vary slightly on the exact residency requirement); must demonstrate a need for adequate housing (overcrowding or cost burden),"Newly built or rehabilitated home sold at no profit, financed with an affordable mortgage sized to the buyer's income","Not a fixed dollar amount - the home itself, financed via a mortgage with monthly payments not exceeding 30% of gross income",One-time (home purchase); ongoing affordable mortgage over its term,"Households displaced by the 2020 Jackson County wildfires have been a specific focus of recent Rogue Valley Habitat construction, per program materials reviewed",Completed homeownership application (available at orientation or the Habitat office); proof of income; sweat equity commitment; homeowner education course completion,Attend a required orientation session held before each application window opens; submit a printed application (available online or at the Habitat admin office) during the 30-day window,https://www.roguevalleyhabitat.org/housing-programs,2026-07-31,"Verified against Rogue Valley Habitat's own website and a recent volunteer handbook; the exact income percentage range (40-70% vs. a simpler 'below 70%' cited elsewhere) and residency requirement wording differ slightly between the organization's own sources, so should be confirmed directly before advising a client","Requires 500 sweat-equity hours per partner household (some general Habitat program descriptions cite 250-500, so confirm current requirement); contact: Rogue Valley Habitat for Humanity, 2201 S Pacific Hwy, Medford, OR 97501, Operations Director Brandon Thoms, (541) 779-1983, bthoms@roguevalleyhabitat.org; distinct from and not administered by ACCESS",(541) 779-1983,bthoms@roguevalleyhabitat.org,"2201 S Pacific Hwy, Medford, OR 97501",,"N/A - cyclical 30-day application windows only, not standing office intake hours",Jackson County,40-70% AMI; first-time buyer; U.S. citizen/permanent resident; 1+ year Jackson County residency or work; ~500 sweat-equity hours,Applications accepted only during periodic 30-day windows (roughly twice per year); required orientation session before each window opens,Nonprofit (Rogue Valley Habitat) official page + volunteer handbook,https://www.roguevalleyhabitat.org/housing-programs,Medium,1,HABITAT-RV,"AMI range (40-70% vs. a simpler ""below 70%"" cited elsewhere) and residency wording differ between Habitat's own materials",2026-07-31,https://www.roguevalleyhabitat.org/housing-programs,"NO standing application form. Applications are posted per-development only during periodic 30-day enrollment windows, then removed. A required orientation session is held just before each window opens. Monitor the link above for the next window.","Reverified 2026-08-06. Habitat's own materials remain internally inconsistent on the income band (40-70% AMI on one page vs. ""below 70%"" in a volunteer handbook) and on the residency requirement wording. Confirm directly before screening a borderline applicant."
HAJC-HOV-OR-001,HAJC Homeownership Voucher Program,Down Payment Assistance,Housing Authority of Jackson County (HAJC),Jackson,,Open,Continuous,,,,,,,Prospective homeowner (current voucher holder),Yes,,,,"Not explicitly, but standard homebuyer education and counseling are required",,No requirement - elderly households are exempt from the FSS participation requirement,No requirement - disabled households are exempt from the FSS participation requirement,,,"Typically above 650 (set by the lender, not HAJC)",Typically below 40% (lender-set),,,,Must be a current FSS participant/graduate OR elderly/disabled; must have held the voucher at least 1 year; no lease violations in the past year; no money owed to any housing authority; no tenant-caused HQS violations in the previous year; no bankruptcies in the previous 3-7 years,Housing assistance applied toward monthly mortgage payments instead of rent; HAJC pays a subsidy on the participant's behalf after purchase,Varies by household income and mortgage,Ongoing monthly after purchase,,"Orientation attendance, ACCESS housing counseling certificate, financial and homeownership education completion, lender pre-approval","Contact a Homeownership Voucher Coordinator: Eric at ericj@hajc.net or ext. 1016, or Tia at tia@hajc.net or ext. 1021. A required 1-2 hour orientation determines eligibility.",https://hajc.net/homeownership/,2026-08-06,Verified against HAJC's homeownership page,"Required housing counseling is provided by the ACCESS Homeownership Center, (541) 774-4305 - the same office running HOAP and RVAR/OAR. Screen this household for those down payment assistance programs at the same appointment. NOTE: the participant pays enrollment fees for the required education courses.",(541) 779-5785 ext. 1016 or ext. 1021,ericj@hajc.net; tia@hajc.net,"2251 Table Rock Road, Medford, OR 97501",,Mon-Thu 8:00am-4:30pm. CLOSED FRIDAYS.,Jackson County,"FSS participant/graduate, or elderly/disabled voucher holder of 1+ year, meeting lender criteria",,Public Housing Agency (HAJC) official page,,High,2,HAJC; ACCESS-HOC,,2026-08-06,https://hajc.net/homeownership/,No downloadable initial application - start with the required orientation. Annual recertification packet: https://hajc.net/wp-content/uploads/2025/04/HO-Annual-Packet-04.2025.pdf,NEW ROW added 2026-08-06.
HABITAT-GP-OR-001,Grants Pass Area Habitat for Humanity Homeownership Program,Down Payment Assistance,"Grants Pass Area Habitat for Humanity (nonprofit, separate affiliate from Rogue Valley Habitat)",Josephine,,Open - contact directly for current application cycle,,,,,,,,Prospective homeowner,Yes,,,Habitat-built or rehabilitated home in Josephine County,,,,,,,,,,,,Serves Josephine County residents living in substandard housing whose income falls within program limits; sweat-equity participation expected per standard Habitat model,"Affordable homeownership - a Habitat-built home sold with an affordable mortgage, in partnership with the buyer",Not a cash benefit - the home itself,One-time,,,Contact Grants Pass Area Habitat for Humanity directly for current application availability,https://www.grantspassoregon.gov/BusinessDirectoryII.aspx?lngBusinessCategoryID=23,2026-08-06,Contact information verified against the City of Grants Pass official resource directory; program eligibility detail NOT independently verified against Habitat's own materials,"DISTINCT ORGANIZATION from Rogue Valley Habitat for Humanity (Medford/Jackson County). A Josephine County applicant should be routed here, not to Rogue Valley Habitat.",(541) 474-2884,,"338 SW Ramsey Ave, 2nd Floor, Grants Pass, OR 97527",,,Josephine County,"Josephine County resident in substandard housing, income-qualified, willing to partner with Habitat",,City government resource directory,,Low-Medium,1,HABITAT-GP,"Income band, sweat-equity hour requirement, application cycle, and whether a waitlist exists are all unconfirmed - verify against Habitat's own site or by phone before referring.",2026-08-06,https://www.gphabitat.org/,"Application availability not confirmed - like most Habitat affiliates, applications are likely offered in cycles rather than continuously. Call before referring.","NEW ROW added 2026-08-06. The sheet had Rogue Valley Habitat only, leaving Josephine County uncovered."
ACCESS-RENT-OR-001,ACCESS Rental Assistance Program,Rent Support,"ACCESS, Inc., funded by Oregon Housing and Community Services (OHCS)",Jackson,,Open - but funding described as limited at time of research,Continuous while funded,0,80,Household income at or below 80% of Area Median Income (AMI),Yes,,,Renter,Yes,,"Not required, but is a common qualifying circumstance",Has to pass a HQS or INSPIRE,,,,,,,,,,,No - both at-risk and already-behind households may qualify,,"Rental and utility payment assistance, plus case management and eviction prevention services, deposit only assistance",Not published - determined case by case based on need and available funding,As needed while funding lasts,,"Proof of income for all household members 18+, lease or rental agreement, ID, any eviction notice or past-due rent documentation",Call the ACCESS Rent Relief team or submit a message through the ACCESS website,https://accesshelps.org/rental-assistance/,2026-08-04,Verified directly against ACCESS's official Rental Assistance page,Access has multiple programs for rental assistance based on funding and eligability,(541) 414-0317,"3630 Aviation Way, Medford, OR 97504","3630 Aviation Way, Medford, OR 97504",,Mon-Thu 8:00am-5:00pm; Fri 9:00am-4:30pm,Jackson County,Jackson County renter; household income <=80% AMI; behind on rent/utilities or at risk,Funding described as limited at time of research - call to confirm current availability before referring a client,Agency (ACCESS) official page,https://www.kdrv.com/news/local/inside-southern-oregons-rental-assistance-programs/article_cdc015e6-b65b-11ee-97ef-b746c1fdae15.html,High,1,ACCESS-RENT,Maximum benefit amount and exact funding status not published - confirm by phone,2026-08-06,https://accesshelps.org/rental-assistance/,"No downloadable applicant form - call the Rent Relief team or submit a message through the ACCESS website. ACCESS also offers the Rent Well Tenant Education Program (6-session state curriculum) for tenants with barriers such as poor credit, eviction history, or prior homelessness; the completion certificate can be shown to landlords.","Reverified 2026-08-06 against ACCESS's Rental Assistance page. Phone, address, and hours added (previously blank). 80% AMI standard confirmed. Funding described as limited - confirm availability before referring."
ACCESS-SSVF-OR-001,Supportive Services for Veteran Families (SSVF),Rent Support,"ACCESS, Inc., funded by the U.S. Department of Veterans Affairs and OHCS",Jackson; Josephine; Coos; Curry; Douglas(subgrantees in no jackson conty),,Open,Continuous,0,50,Household income at or below 50% of Area Median Income (AMI),Yes,,,Renter,Yes,,No - serves both literally homeless Veterans (Rapid Rehousing) and those at risk of homelessness (prevention),,,,,,head of household must be a Veteran (VA discharge status requirements apply) active duty requirments for national guard and no dishonrable discharge.,,,,,,Yes - must be homeless or at imminent risk of homelessness,,"Security deposits, temporary rental assistance, utility payments, eviction prevention, case management, connection to VA benefits and healthcare",up to 9 months of TFA and up to 18 months for shallow(pays 50% of rent),As needed per case plan,,"Proof of Veteran status (DD-214 or equivalent), proof of income, housing status documentation must recert every 90 days",,https://accesshelps.org/veterans-assistance/,2026-08-04,Verified directly against ACCESS's official Veterans Services page,"ACCESS's SSVF Rapid Rehousing program specifically houses homeless Veterans in motels/shelters while pairing them with a case manager. Also helps recover lost/stolen VA, DMV, or county documents.",(541) 774-4322,,"3630 Aviation Way, Medford, OR 97504",,Mon-Thu 7:30am-6:00pm; Fri 8:00am-4:30pm,"5-county region: Jackson, Josephine, Coos, Curry, Douglas ACCEss uses sub grantesss in non-Jackson county areas",Veteran or Veteran's spouse as head of household; <=50% AMI; homeless or at imminent risk,Not published - contact directly to confirm current funding status,Agency (ACCESS) official page,https://www.sopbs.org/programs/locally-produced/local-focus/resources-for-homeless-veterans/,High,1,ACCESS-SSVF,Maximum benefit and exact deposit-assistance dollar limits not published,2026-08-06,https://accesshelps.org/veterans-assistance/,"No downloadable applicant form - contact ACCESS SSVF directly at (541) 774-4322. Self-referral, VA referral, and partner referral all accepted. National Call Center for Homeless Veterans: 1-877-424-3838 (24/7). Case manager submits financial assistance requests on the veteran's behalf.","Reverified 2026-08-06 against VA national SSVF materials and ACCESS. Confirmed Housing First rule: for Rapid Re-Housing, neither employment, income, criminal history, nor sobriety is a prerequisite. Also confirmed Shallow Subsidy (partial rent up to 2 years) and Returning Home services. NOTE: UCAN also delivers SSVF for Josephine/Douglas - a Josephine veteran may be served by UCAN rather than ACCESS."
COMWORKS-HOUSING-OR-001,Community Works Survivor Housing Services,Rent Support,Community Works (nonprofit domestic/sexual violence services agency),Jackson,,Open,Continuous - 24/7 HelpLine,,,"Not income-tested - eligibility is based on survivor status, not household income",Not specified,,,Renter; transitional housing resident,"No - includes emergency shelter and transitional housing, not only assistance to remain in an existing home",,,,,,No age requirement for most services; the Homeless Youth Transitional Housing component serves youth up to age 24 (and youth with their own children),,,,,,,,"Yes - must be a survivor of domestic violence, sexual violence, stalking, or trafficking (or homeless youth, for that specific track)",Not a general-population rental assistance fund - services are specifically for survivors of violence/trafficking and homeless youth,"Emergency shelter (Dunn House), transitional housing (Mary's Haven, up to 2 years), homeless youth transitional housing (up to 2 years), and Housing Advocate support finding permanent housing COC CE entry point for LTRA",Not published as a dollar figure - housing/shelter placement rather than a cash grant,"Ongoing case-by-case, up to 2 years for transitional housing tracks",,Not published - contact the confidential HelpLine to begin,Call the 24/7 HelpLine; all services are free and confidential,https://www.community-works.org/,2026-08-04,Verified directly against Community Works' official Housing page,"This is a survivor-specific service, not a general-population rental/deposit assistance fund - screen for domestic violence, sexual violence, stalking, or trafficking history (or unaccompanied youth homelessness) before referring here rather than to ACCESS's general Rental Assistance Program.",HelpLine (541) 779-4357; Office (541) 779-2393; Espanol (541) 779-2393 x209,,"2594 E. Barnett Rd., Suite C, Medford, OR 97504",,24/7 HelpLine; walk-in office Mon-Fri 8am-4pm,Jackson County,"Survivor of domestic violence, sexual violence, stalking, or trafficking; or homeless youth up to age 24",Not published,Nonprofit (Community Works) official page,https://www.ocadsv.org/find-help/community-works-dunn-house/,High,1,COMWORKS,Whether Housing Advocates provide direct cash deposit assistance or only housing search/navigation support was not clearly distinguished in materials reviewed,2026-08-06,https://www.community-works.org/housing/,No application form - access is via the confidential 24/7 HelpLine at (541) 779-4357. All services free and confidential.,"Reverified 2026-08-06. IMPORTANT: this is survivor-specific (domestic violence, sexual violence, stalking, trafficking) or homeless-youth-specific, NOT general-population rental assistance. Screen for survivor status before referring here rather than to ACCESS."
MASLOW-SHAP-OR-001,Maslow Project - Short-Term Housing Assistance (SHAP) and Housing Navigation,Rent Support,Maslow Project (nonprofit),Jackson; Josephine,,Open,Continuous,,,Not a fixed AMI test - eligibility is based on youth/family homelessness status,Not specified,,,Renter; unstably housed,,,,,,,Youth age 21 or younger (some sources cite up to 24); or a parent of a child enrolled in a Medford-area school district,,,No requirement - also serves families with minor children experiencing homelessness,,,,,"Yes - homeless, recently homeless, or at risk of becoming homeless",,"Short-term rental and utility assistance to prevent homelessness, plus housing navigation, basic needs (food, hygiene, clothing), and access to Jackson County's Centralized Interest List for housing","Not published - short-term/one-time assistance, amount determined case by case","As needed, short-term",,Not published - begin with a visit to the Drop-In Resource Center or a call,"Visit the Medford or Grants Pass Resource Center, or call to connect with a case manager",https://www.maslowproject.com/get-help,2026-08-04,Verified against Maslow Project's official page and Jackson Youth Systems of Care's program summary,"Maslow Project's Medford location also serves as a Jackson County Continuum of Care Coordinated Entry access point, meaning it can place a household on the county's centralized housing interest list in addition to its own short-term assistance.",(541) 608-6868,,"500 Monroe St., Medford, OR 97501",,"Mon-Fri 10:00am-5:00pm (Medford); Mon-Fri 8:30am-5:00pm, drop-in 1-5pm (Grants Pass)",Jackson and Josephine County,"Youth 24 and under, or families with minor children, experiencing or at risk of homelessness",Not published,Nonprofit (Maslow Project) official page,https://jysoc.org/youth/youth-housing-resources/,Medium,1,MASLOW,Exact age cutoff is inconsistent between sources (21 vs. 24) - confirm directly before referring a borderline-age client,2026-08-06,https://www.maslowproject.com/get-help,"No application form - visit the Medford or Grants Pass Resource Center, or call (541) 608-6868. The Medford site is also a Jackson County Coordinated Entry access point and can add a household to the county centralized housing interest list.",Reverified 2026-08-06. Age cutoff remains inconsistent between sources (21 vs 24) - confirm directly for a borderline-age client.
FNC-HOUSING-OR-001,Family Nurturing Center - Housing Support (wraparound family service),Rent Support,Family Nurturing Center (nonprofit Relief Nursery),Jackson; Josephine,,"Open, but housing support is one component of broader family-support enrollment, not a standalone fund",Continuous,,,Not published as a fixed AMI test,,,,,,,,,,,,,,Yes - primarily serves families with children ages birth through 5 who are at risk of child welfare involvement,,,,,"Not a hard requirement, but housing instability is one of the risk factors FNC commonly addresses alongside addiction, poverty, and intergenerational trauma",,"Housing support' listed among a broader basket of wraparound family-strengthening services (parenting education, therapeutic early childhood classes, food, diapers, mental health services, respite care)",Not published - not a dedicated rental/deposit assistance fund with its own dollar limits,"Ongoing, as part of case-managed family support",,Not published,Contact Family Nurturing Center directly to discuss enrollment in family support services,https://www.familynurturingcenter.org/family-support-programs/,2026-08-04,"LOW CONFIDENCE this functions as a distinct rental/deposit/eviction-prevention program - 'housing support' appears as one line item within a broad family-services list, with no published eligibility criteria, dollar amounts, or application process specific to housing","Unlike the other organizations in this batch, FNC does not present housing assistance as a defined program with its own eligibility rules - it appears to be informal/connective support offered to families already engaged with FNC's core child-safety mission. Treat this row as a referral possibility for families already known to FNC, not as a standalone application path.",Not confirmed for housing support specifically,,"212 N Oakdale Ave, Medford, OR 97501",,Mon-Fri 8:00am-5:00pm,Jackson and Josephine County,Families with children ages 0-5 facing child-safety-related instability; housing support offered informally within broader case management,Not published,Nonprofit (Family Nurturing Center) official page,https://www.findhelp.org/provider/family-nurturing-center--medford-or/4725002856824832?postal=97501,Medium,1,FNC,"No published eligibility criteria, benefit amount, or application process specific to housing assistance - call to confirm this is a live, distinct offering before referring a client on this basis alone clear on who they serve but not what they can do for support",2026-08-06,https://www.familynurturingcenter.org/family-support-programs/,"No housing-specific application. ""Housing support"" appears as one line item within a broad family-services list, with no published eligibility, dollar amount, or application process specific to housing.","Reverified 2026-08-06 - LOW CONFIDENCE UNCHANGED. Treat as a referral possibility for families already engaged with FNC (children ages 0-5, child-safety mission), not as a standalone rental/deposit assistance path. Call to confirm this is a live, distinct offering before referring on this basis alone."
OHRA-NAV-OR-001,OHRA (Options for Helping Residents of Ashland) - Eviction Prevention & Resource Navigation,Rent Support,"OHRA (nonprofit), in partnership with ACCESS and other Jackson County Continuum of Care agencies",Jackson,,Open,Continuous - walk-in resource center,,,Not published as a fixed AMI test - navigators connect guests to whichever partner program's criteria apply (e.g. ACCESS's 80% AMI Rental Assistance),,,,,,,,,,,,,,,,,,,No requirement - serves both housed people at risk of eviction and people already unhoused; anyone can speak with a navigator,,"Resource navigation and direct connection to eviction-prevention funding, deposit assistance, and rent support held by partner agencies; also operates the OHRA Center shelter (52 rooms), a walk-in Resource Center, and a shower/laundry trailer",Not applicable - OHRA itself is primarily a navigation/shelter hub; the rental/deposit dollars it connects guests to come from partner agencies' own funds,As needed,,Not published - navigators assess documents needed based on which partner program applies,Walk in to The OHRA Center resource center; no enrollment required to speak with a navigator,https://ohrahelps.org/programs/,2026-08-04,Verified directly against OHRA's official Programs page; OHRA's own reporting states 418 households received eviction-prevention assistance and 430 were permanently housed through its shelter location,"OHRA is best understood as an access point and shelter, not a direct rental/deposit assistance fund with its own published income limits - a documented example shows OHRA's navigator connecting a family to a community partner for both a deposit and several months' rent, meaning the actual funds came from elsewhere. List OHRA as a referral hub in any client-facing material, not as a source of guaranteed direct cash assistance.",(541) 631-2235,"2350 Ashland St., Ashland, OR 97520","2350 Ashland St., Ashland, OR 97520",,Resource Center Mon-Fri 9:00am-2:00pm; shelter 24/7/365,"Jackson County, with a particular focus on the Ashland area",No fixed test - open to anyone at risk of eviction or experiencing homelessness in Jackson County; actual funding eligibility depends on which partner program the navigator connects the guest to access point for LTRA funds,OHRA's 52-room shelter maintains a waitlist of roughly 80 people; the Resource Center itself has no waitlist to walk in and speak with a navigator,Nonprofit (OHRA) official page + local news coverage,https://ashland.news/four-years-in-ashlands-ohra-shelter-has-permanently-housed-hundreds/,High,1,OHRA,"Unclear whether OHRA holds any of its own discretionary eviction-prevention funds versus purely referring to partners (ACCESS, Unete, Resolve, The Arc Jackson County, The Salvation Army are named partners in prior eviction-prevention reporting) COC CE member for LTRA",2026-08-06,https://ohrahelps.org/programs/,No application form - walk in to the OHRA Center Resource Center to speak with a navigator; no enrollment required.,"Reverified 2026-08-06. OHRA is a navigation hub and shelter, NOT a direct fund with its own income limits - the rental/deposit dollars it connects guests to come from partner agencies. Shelter waitlist runs roughly 80 people; the Resource Center itself has no waitlist."
HAJC-HCV-OR-001,Housing Choice Voucher Program (Section 8),Rent Support,"Housing Authority of Jackson County (HAJC), a federal Public Housing Agency funded by HUD",Jackson,,OPEN (Housing Choice Voucher waitlist) - confirmed directly on hajc.net,Continuous while the HCV waitlist is open; no predetermined closing date identified,0,50,"Very-Low Income (50% AMI) limits effective 05/01/2026: 1p $34,350 / 2p $39,250 / 3p $44,150 / 4p $49,050 / 5p $53,000 / 6p $56,900 / 7p $60,850 / 8p $64,750",Yes,,,Renter (voucher holder chooses a qualifying private-market unit),Yes,,,Any qualifying private-market rental unit that passes HAJC's housing quality inspection(HQS moving to NSPIRE) anywhere in Jackson County (or portable to another PHA's jurisdiction),,,,,,,,,,,,,"Ongoing monthly rental subsidy - the household pays approximately 30% of monthly income toward rent, and HAJC pays the remainder directly to the landlord","Payment standard varies by unit size/market rent; no fixed dollar cap published (subsidy is the difference between 30% of household income and the unit's rent, up to HAJC's payment standard)","Ongoing monthly, for as long as the household remains eligible and in compliance Will need to update yearly along with AMI","HAJC may apply local preferences (e.g. homelessness, high rent burden, displacement) when the waitlist is long","Income, asset, and household composition documentation for HAJC's eligibility verification once selected from the waitlist",Apply online through HAJC's website while the Housing Choice Voucher waitlist is open,https://hajc.net/housing-programs/housing-choice-voucher/,2026-08-06,Core program mechanics verified against HAJC's own page; current waitlist open/closed status and wait-time figures came from a third-party waitlist tracking site and should be reconfirmed directly with HAJC before advising a client,"Projected wait time cited at 3-4 years once on the waitlist (per HAJC's own page) - this is an extremely long-term program, not a fast source of rental relief; screen households needing immediate help toward ACCESS's Rental Assistance Program or OHRA instead, and treat an HCV application as a parallel long-term step. HAJC also administers Project-Based Vouchers (tied to a specific unit, not portable) and Public Housing, both closed to new applicants as of the most recent status located.",(541) 779-5785 (fax 541-857-1118),Not published; use phone or the Applicant Portal,"2251 Table Rock Road, Medford, OR 97501",,Mon-Thu 8:00am-4:30pm. CLOSED FRIDAYS. Closed daily 12:00-1:00pm. First Thursday opens 10:00am.,Jackson County; voucher portable after initial lease-up,"Very low-income household (~<=50% AMI); passes HAJC screening (income, assets, household composition, criminal/rental history checks per standard HCV rules)",Public Housing Agency (HAJC) official page,https://hajc.net/housing-programs/housing-choice-voucher/,High,High,1,HAJC,Need to collect forms and add to screener,2026-08-06,https://www.pha-web.com/portals/applicant/2123,"No downloadable initial application - apply exclusively through the online Applicant Portal (link above). Participant forms available at hajc.net include: Change Report, Annual Recertification Packet, Add Member Packet, Request for Live-In Aide, Portability Request, Request for Reasonable Accommodation, Release of Information, and Home Ownership Annual Recertification Packet.","CORRECTED 2026-08-06 against hajc.net directly (prior source was a third-party waitlist tracker). Waitlist confirmed OPEN; projected wait 3-4 years per HAJC. WARNING: HAJC's own page displays BOTH a current 05/01/2026 income table and an outdated 04/01/2021 table - the 2021 figures are ~$10,000 lower and would wrongly screen out eligible applicants. HAJC also offers 6 other programs not on this sheet: Project-Based Voucher, NED Vouchers, HUD-VASH, Family Self-Sufficiency, Homeownership Voucher, and 1,500+ non-subsidized affordable apartments."
ROGUERETREAT-EP-OR-001,Rogue Retreat Eviction Prevention & Housing Stability,Rent Support,Rogue Retreat (nonprofit),Jackson,,Open,Continuous,,,Not published as a fixed AMI test,,,,,,,,,,,,,,,,,,,"Yes - must be at risk of eviction, or already experiencing homelessness",,"Payment plans to help cover security deposits; payment plans or partner connections to pay off existing rental debt; in-house shelter, tiny home villages, shared housing/apartments, street outreach, and medical respite for those already unhoused","Not published - Oregon Law Center data cited by Rogue Retreat puts average eviction-prevention cost around $2,600 per household, for context on program scale rather than a guaranteed benefit cap","As needed, case by case",,Not published,Call or visit Rogue Retreat directly,https://rogueretreat.org/,2026-08-04,"Verified against a February 2026 local news feature quoting Rogue Retreat's Executive Director directly, plus Rogue Retreat's own organizational listings","Rogue Retreat also operates a broader 5-tier housing/shelter continuum (street outreach, low-barrier shelter, tiny home villages, shared housing/apartments, medical respite) serving over 500 people nightly across Southern Oregon - eviction prevention (deposit payment plans, debt payment plans) is one specific service within that continuum, not a separately named fund.",(541) 499-0880,"711 E. Main St. #25, Medford, OR 97504","711 E. Main St. #25, Medford, OR 97504",,Not independently confirmed,Jackson County,Household at risk of eviction or experiencing homelessness in Jackson County; no published income test,Not published,Local news feature (direct quotes from Rogue Retreat leadership) + nonprofit official listings,https://www.kdrv.com/news/local/inside-southern-oregons-rental-assistance-programs/article_cdc015e6-b65b-11ee-97ef-b746c1fdae15.html,Medium,1,ROGUERETREAT,No dedicated program page with formal eligibility criteria was located - confirm intake process directly by phone COC CE entry point,2026-08-06,https://rogueretreat.org/,"No application form located - contact directly. Services include deposit payment plans and rental-debt payment plans, plus shelter, tiny home villages, shared housing, and medical respite.",Reverified 2026-08-06. No dedicated program page with formal eligibility criteria or benefit caps was located - confirm intake process by phone.
SALVATIONARMY-MEDFORD-OR-001,Salvation Army Medford Corps - Rent & Utility Assistance / Hope House Transitional Housing,Rent Support,"The Salvation Army, Medford Corps",Jackson,,Open,Continuous,,,Not published as a fixed AMI test,,,,,,,,,,,,,,,,,,,Yes - for households at risk of eviction or utility shutoff,,Utility and rent payment assistance (Advocacy and Social Services-style direct aid); Hope House offers longer-term transitional housing,Not published,Not published,,"Not published - call ahead, as walk-in hours are limited",Call the Medford Corps directly,https://jacksoncountyor.gov/departments/health___human_services/programs_and_services/veterans_services/veterans_resources/housing_assistance.php,2026-08-04,Verified against Jackson County's own official veterans/housing resource directory,"Two distinct addresses/phone numbers exist for Salvation Army services in Medford: the main Corps community center handles direct rent/utility aid, while Hope House is a separate transitional-housing location with its own phone line.",(541) 773-6965 (Corps); (541) 773-7005 (Hope House),"304 Beatty Street, Medford, OR 97501 (Corps); 1065 Crews Rd, Medford, OR 97501 (Hope House)","304 Beatty Street, Medford, OR 97501 (Corps); 1065 Crews Rd, Medford, OR 97501 (Hope House)",,Tue-Fri 9:00am-3:00pm (confirm directly),Jackson County,Low-income household facing rent or utility crisis; no published fixed income test,Not published,County government official resource directory,https://www.findhelp.org/housing/help-pay-for-housing--medford-or,Medium,1,SALVATIONARMY-MEDFORD,"Named as a partner agency in the 435-household eviction-prevention total reported by Jackson County CoC in 2024, but no dedicated program page with dollar limits was located, has tempory housing",2026-08-06,https://centralusa.salvationarmy.org/medford/,"No downloadable application - call ahead, as walk-in hours are limited.",Reverified 2026-08-06 against Jackson County's official resource directory. Two distinct locations/phone numbers confirmed. Benefit amounts and formal eligibility criteria not published.
SVDP-MEDFORD-OR-001,St. Vincent de Paul Medford - Advocacy and Social Services Program,Rent Support,"St. Vincent de Paul, Medford",Jackson,,Open,Continuous,,,Not published as a fixed AMI test,,,,,,,,,,,,,,,,,,,"No specific crisis requirement identified, though rent/utility assistance is inherently need-based",Assistance limited to once every 24 months per household,"Rent and utility payment assistance; also provides counseling, bus passes, clothing vouchers, hygiene products, and a homeless family shelter, dining room, and dental/medical screenings",Not published,Once every 24 months per household,,Not published,Call or visit St. Vincent de Paul Medford directly; counseling available Monday-Friday starting 10:00am,http://www.stvincentdepaulmedford.info/,2026-08-04,"Verified address/phone against Jackson County's official resource directory; program detail (24-month limit, services list) sourced from a findhelp.org aggregator listing",St. Vincent de Paul Medford also operates a homeless family shelter and dining room in addition to rent/utility assistance - a broader safety-net presence than a single rental-assistance fund.,(541) 772-3828,"2424 N. Pacific Highway (Hwy 99), Medford, OR 97501","2424 N. Pacific Highway (Hwy 99), Medford, OR 97501",,Counseling Mon-Fri from 10:00am,Jackson County,Low-income household; assistance capped at once per 24 months,Not published,County government resource directory + findhelp.org aggregator,https://jacksoncountyor.gov/departments/health___human_services/programs_and_services/veterans_services/veterans_resources/housing_assistance.php,Medium,1,SVDP-MEDFORD,Maximum benefit amount not published; confirm directly by phone normally 300-500 Funding is limited,2026-08-06,https://www.svdpmedford.org/,No downloadable application - call or visit. Assistance limited to once every 24 months per household.,Reverified 2026-08-06. Address/phone confirmed against Jackson County's official resource directory; the 24-month limit is from a findhelp.org aggregator listing and should be confirmed directly.
JHCDC-HCV-OR-001,Housing Choice Voucher Program (Section 8) - Josephine County,Rent Support,Josephine Housing and Community Development Council (JHCDC) - the Public Housing Agency for Josephine County,Josephine,,OPEN - waiting list open until further notice,Continuous while the waitlist remains open,0,50,"HUD income limits for Josephine County, based on gross income before taxes or deductions. Monthly limits posted at jhcdc.net/applicants/ (most recent set effective 04-01-2025 - confirm current).",Yes,A single person is considered a family. Earned income of household members under 18 is NOT counted.,,Renter,Yes,,,Any qualifying privately owned rental unit in Josephine County that passes inspection,,,,,,,,,,Standard HUD HCV citizenship/eligible-immigration-status rules apply,,Giving false information on the application; being over income; household members involved in certain drug-related or violent criminal activity; being on a deny list from any housing authority,Ongoing monthly rent subsidy paid directly to the landlord; household pays roughly 30% of income,Varies by unit size and payment standard,Ongoing monthly while eligible,"None - all eligible families are brought to the top of the list first come, first served, by date and time of pre-application submission","Physical address, mailing address, and Social Security Number for all household members","Three ways to obtain a pre-application: (1) visit the JHCDC office at 1205 NE 7th St, Grants Pass; (2) call (541) 479-5529 to have one mailed; (3) email frontdesk@jhcdc.net to request one by mail. Applications are also available outside at the walk-up window. NOTE: applications will NOT be emailed to you. Completed pre-applications are dropped off at the office or placed in the front-door drop slot.",https://www.jhcdc.net/applicants/,2026-08-06,Verified directly against JHCDC's own applicants page,"CRITICAL DISTINCTION: JHCDC is a completely separate housing authority from HAJC. A Josephine County resident must apply to JHCDC, NOT to HAJC in Medford. JHCDC administers roughly 869 Section 8 vouchers and owns Harbeck Village, a 48-unit tax credit property at 1760 Harbeck Road, Grants Pass (2/3/4-bedroom units). Waitlist position is NOT transferable, but once a voucher is issued a Josephine County resident may port it elsewhere.",(541) 479-5529; TDD 800-735-2900; Fax (541) 476-6120,frontdesk@jhcdc.net,"1205 NE 7th St, Grants Pass, OR 97526",,"Mon, Tue, Thu, Fri 9:00am-12:00pm and 1:00pm-4:00pm; Wed 9:00am-12:00pm only. Closed 12:00-1:00pm daily.","Josephine County, including Grants Pass and Cave Junction",Low-income Josephine County household meeting HUD income limits; passes standard HCV screening,"Waitlist OPEN until further notice. Applicants MUST notify JHCDC immediately of any change to contact info, income, or household members - an undeliverable notice or outdated information can result in removal from the list.",Public Housing Agency (JHCDC) official page,https://www.jhcdc.net/,High,1,JHCDC,Confirm current monthly income limit table (posted set was effective 04-01-2025). add intake to HAJC screener,2026-08-06,https://www.jhcdc.net/applicants/,"Pre-application is not downloadable - request by phone, email, in person, or at the outside walk-up window. Applicants needing help completing it can schedule an appointment by any contact method.","NEW ROW added 2026-08-06. This was the single largest gap in the sheet - Josephine County residents were previously only routable to HAJC, which does not serve them."
UCAN-SSVF-OR-001,Supportive Services for Veteran Families (SSVF) - Josephine/Douglas,Rent Support,"United Community Action Network (UCAN), using VA funds passed through from ACCESS",Josephine; Douglas (UCAN also operates SSVF in Klamath and Lake via CAPO),,Open,Continuous,0,50,Very low-income; standard SSVF threshold is 50% of Area Median Income,,,,Renter,,,,,,,,,Household must include a veteran; standard SSVF discharge and service requirements apply,,,,,,Yes - must be homeless or at risk of homelessness,,"Case management, emergency motel/shelter placement, housing search support, temporary cash assistance for urgent needs, deposits, and rental assistance to help veteran households obtain or retain housing",Not published - case-by-case,As needed per case plan,,,Call the UCAN Grants Pass office to apply; case managers work one-on-one with the veteran household,https://www.ucancap.org/veteran-services/,2026-08-06,Verified directly against UCAN's Veteran Services page,FUNDING STRUCTURE WORTH KNOWING: UCAN does not hold the VA grant directly for Josephine/Douglas - ACCESS obtains the funds and passes them to UCAN. This means a Josephine County veteran is served by UCAN even though ACCESS is the grantee of record. UCAN notes it has limited resources for this program and sometimes substitutes its general Housing and Homeless services instead.,800-301-8226; Grants Pass (541) 956-4050,,"900 SE 8th St., Grants Pass, OR 97526",,Mon-Fri 9:00am-12:00pm and 1:00pm-5:00pm; closed 12:00-1:00pm,Josephine and Douglas counties,"Veteran household in Josephine or Douglas County, very low-income, homeless or at risk",UCAN states resources for this program are limited,Agency (UCAN) official page,,High,1,UCAN,,2026-08-06,https://www.ucancap.org/veteran-services/,No downloadable form - contact UCAN directly. National Call Center for Homeless Veterans: 1-877-424-3838 (24/7).,NEW ROW added 2026-08-06. The sheet had SSVF for Jackson (ACCESS) only; Josephine veterans go to UCAN.
HAJC-FSS-OR-001,HAJC Family Self-Sufficiency (FSS) Program,Rent Support,"Housing Authority of Jackson County (HAJC), HUD-funded",Jackson,,Open,Rolling; onboarding paced to family capacity,,,No separate income test - eligibility is simply current HCV participation,,,,Renter (current voucher holder),,,,,,Head of household must seek and maintain suitable employment as part of the contract,,,,,PROHIBITED as a screening factor,,,,,Must currently hold a HAJC Housing Choice Voucher. Maximum of 2 lifetime graduations. 6-month wait before re-entry after graduating.,"Escrow savings account funded by rent increases from earned income, plus case management, Oregon IDA access (5:1 match), transportation loans up to $1,200 interest-free, technology loans up to $500, reduced-price YMCA childcare at $10/day, and gift card incentives","No cap - escrow accrues with earned income growth. One documented HAJC graduate received over $19,500.",Lump sum at graduation; interim withdrawals allowed after completing an interim goal,"NONE - HAJC has adopted no selection preferences; strictly first-come, first-served","FSS Contract of Participation and Individual Training and Services Plan, completed with a coordinator","Contact an FSS Coordinator directly - Tia Marten (tia@hajc.net, ext. 1021) or Eric Janoski (eric@hajc.net, ext. 1016)",https://hajc.net/housing-programs/family-self-sufficiency/,2026-08-06,Verified against HAJC's FSS program page and FSS Action Plan (Dec 2021; a Mar 2025 version supersedes),"HIGH VALUE, UNDER-PROMOTED. Participation is voluntary and CANNOT reduce a household's housing assistance - federal rules since Dec 29 2014 prohibit terminating HCV assistance for FSS non-compliance, and HAJC removed that clause from its own contract. HAJC also does NOT screen out families who owe money to HAJC or another housing authority. Prohibited screening factors: credit rating, education level, job history, marital status, number of children. FSS is also the gateway to the Homeownership Voucher.",(541) 779-5785 ext. 1021 (Tia) or ext. 1016 (Eric),tia@hajc.net; eric@hajc.net,"2251 Table Rock Road, Medford, OR 97501",,Mon-Thu 8:00am-4:30pm. CLOSED FRIDAYS. Closed daily 12:00-1:00pm.,Jackson County,Any current HAJC Housing Choice Voucher participant - that is the entire eligibility test,"Grant requires serving 75 participants per cycle; if full, interested returning participants are queued and contacted when space clears",Public Housing Agency (HAJC) official page + FSS Action Plan,,High,1,HAJC,Confirm current incentive dollar amounts against the March 2025 Action Plan.,2026-08-06,https://hajc.net/housing-programs/family-self-sufficiency/,No downloadable application - contact a coordinator. FSS Action Plan (March 2025): https://hajc.net/wp-content/uploads/2025/03/Housing-Authority-of-Jackson-County-OR015-FSS-Action-Plan-March-2025.pdf,NEW ROW added 2026-08-06.
HAJC-NED-OR-001,HAJC Non-Elderly Disabled (NED) Vouchers,Rent Support,"Housing Authority of Jackson County (HAJC), HUD-funded",Jackson,,Drawn from the standard HCV waiting list as vouchers become available,No separate application - apply to the HCV waitlist,0,50,Same very-low-income limits as the standard Housing Choice Voucher,,,,Renter,,,,,,,Non-elderly - under age 62,Household must include a non-elderly person with a disability,,,,,,,"Yes - must be homeless, at risk of homelessness, or living in an institutional setting",IMPORTANT EXCLUSION: families whose ONLY member with a disability is a minor child are NOT eligible for NED vouchers,"Housing Choice Voucher subsidy targeted to non-elderly disabled households, enabling access to private-market rentals",,Ongoing monthly while eligible,,Standard HCV documentation plus additional paperwork specific to the NED voucher,Apply to the standard HAJC Housing Choice Voucher waitlist through the Applicant Portal; NED candidates are selected from that list,https://hajc.net/housing-programs/housing-choice-voucher/,2026-08-06,Verified against HAJC's program materials,HAJC has been awarded NED vouchers since 1997. There is no way to apply for a NED voucher directly - the household must be on the general HCV waitlist.,(541) 779-5785,,"2251 Table Rock Road, Medford, OR 97501",,Mon-Thu 8:00am-4:30pm. CLOSED FRIDAYS.,Jackson County,"Under-62 household including a person with a disability, homeless/at risk/institutionalized, within HCV income limits",,Public Housing Agency (HAJC) official page,,Medium-High,1,HAJC,Same as regular HCV but adding since it is a seprate thing and jonathan might be able to use it for marketing,2026-08-06,https://www.pha-web.com/portals/applicant/2123,Apply via the standard HCV Applicant Portal - there is no separate NED application.,NEW ROW added 2026-08-06.
OR-EPRR-STATEWIDE-001,Oregon Eviction Prevention Rapid Response (OR-EPRR),Rent Support,"Oregon Housing and Community Services (OHCS), administered statewide by Public Partnerships LLC (PPL)","Statewide, including Jackson and Josephine",,Open - new batch of applications accepted at the start of each month,Opens at the beginning of each calendar month; closes once roughly 45 applications are received statewide for that month,,,Not published in materials reviewed - inquire directly,,,,,,,Yes - must have an active eviction court case for nonpayment of rent,,,,,,,,,,,,Yes - active eviction court case number required,Submitting an application does not guarantee approval or protection from eviction while pending,Rental payment made directly to the landlord to resolve the nonpayment triggering the eviction case,Not published,One-time per household per eviction case,,Active eviction court case number; landlord and tenant contact information for PPL outreach,Apply online at the start of each month while slots remain. Both tenant and landlord must respond to PPL outreach and document requests.,https://pplfirst.com/programs/oregon/or-eprr/,2026-08-06,Verified directly against PPL's official OR-EPRR program page,"Distinct from the closed Oregon Emergency Rental Assistance Program (OERAP) and from ACCESS ORE-DAP funding. Payment reaches the landlord about 10 days after full approval. The Eviction Defense Project (888-585-9638, evictiondefense@oregonlawcenter.org) provides free legal help for the court case but does NOT provide rental assistance - a companion resource, not the same program.",,"Eviction Defense Project (legal help, not rental assistance): evictiondefense@oregonlawcenter.org",,,,"Statewide, including Jackson and Josephine counties",Household anywhere in Oregon with an active eviction court case for nonpayment of rent,ONLY ~45 APPLICATIONS ACCEPTED PER MONTH STATEWIDE - the window can close within days of opening. Time referrals to the start of the month.,State-contracted administrator (PPL) official page,,Medium-High,0,N/A - statewide program,Income eligibility limits not published - confirm with PPL.,2026-08-06,https://pplfirst.com/programs/oregon/or-eprr/,"Online application only, available at the start of each month while the window remains open.",NEW ROW added 2026-08-06.
